Match ID,Team,Champion,Type,Order
53600,Gen.G eSports,Neeko,Ban,1
53600,Bilibili Gaming,Rakan,Ban,2
53600,Gen.G eSports,Renekton,Ban,3
53600,Bilibili Gaming,Maokai,Ban,4
53600,Gen.G eSports,Xayah,Ban,5
53600,Bilibili Gaming,Sylas,Ban,6
53600,Gen.G eSports,Jax,Pick,7
53600,Bilibili Gaming,Aatrox,Pick,8
53600,Bilibili Gaming,Jarvan IV,Pick,9
53600,Gen.G eSports,Rell,Pick,10
53600,Gen.G eSports,Azir,Pick,11
53600,Bilibili Gaming,Orianna,Pick,12
53600,Bilibili Gaming,Poppy,Ban,13
53600,Gen.G eSports,Rumble,Ban,14
53600,Bilibili Gaming,Sejuani,Ban,15
53600,Gen.G eSports,KSante,Ban,16
53600,Bilibili Gaming,Kalista,Pick,17
53600,Gen.G eSports,Aphelios,Pick,18
53600,Gen.G eSports,Tahm Kench,Pick,19
53600,Bilibili Gaming,Renata Glasc,Pick,20
53601,Bilibili Gaming,Sylas,Ban,1
53601,Gen.G eSports,Jax,Ban,2
53601,Bilibili Gaming,Rakan,Ban,3
53601,Gen.G eSports,Neeko,Ban,4
53601,Bilibili Gaming,Poppy,Ban,5
53601,Gen.G eSports,Kalista,Ban,6
53601,Bilibili Gaming,Rumble,Pick,7
53601,Gen.G eSports,Aatrox,Pick,8
53601,Gen.G eSports,Maokai,Pick,9
53601,Bilibili Gaming,Jarvan IV,Pick,10
53601,Bilibili Gaming,Orianna,Pick,11
53601,Gen.G eSports,Azir,Pick,12
53601,Gen.G eSports,Jinx,Ban,13
53601,Bilibili Gaming,Yone,Ban,14
53601,Gen.G eSports,Ashe,Ban,15
53601,Bilibili Gaming,Akali,Ban,16
53601,Gen.G eSports,Aphelios,Pick,17
53601,Bilibili Gaming,Xayah,Pick,18
53601,Bilibili Gaming,Renata Glasc,Pick,19
53601,Gen.G eSports,Milio,Pick,20
53602,Gen.G eSports,Jax,Ban,1
53602,Bilibili Gaming,Rakan,Ban,2
53602,Gen.G eSports,Xayah,Ban,3
53602,Bilibili Gaming,Sylas,Ban,4
53602,Gen.G eSports,Renata Glasc,Ban,5
53602,Bilibili Gaming,Rumble,Ban,6
53602,Gen.G eSports,Aatrox,Pick,7
53602,Bilibili Gaming,Renekton,Pick,8
53602,Bilibili Gaming,Jarvan IV,Pick,9
53602,Gen.G eSports,Maokai,Pick,10
53602,Gen.G eSports,Yone,Pick,11
53602,Bilibili Gaming,Orianna,Pick,12
53602,Bilibili Gaming,Zeri,Ban,13
53602,Gen.G eSports,Aphelios,Ban,14
53602,Bilibili Gaming,Draven,Ban,15
53602,Gen.G eSports,Kalista,Ban,16
53602,Bilibili Gaming,Caitlyn,Pick,17
53602,Gen.G eSports,Kaisa,Pick,18
53602,Gen.G eSports,Nautilus,Pick,19
53602,Bilibili Gaming,Braum,Pick,20
53603,Bilibili Gaming,Sylas,Ban,1
53603,Gen.G eSports,Xayah,Ban,2
53603,Bilibili Gaming,Rakan,Ban,3
53603,Gen.G eSports,Renata Glasc,Ban,4
53603,Bilibili Gaming,Yone,Ban,5
53603,Gen.G eSports,Jax,Ban,6
53603,Bilibili Gaming,KSante,Pick,7
53603,Gen.G eSports,Rumble,Pick,8
53603,Gen.G eSports,Vi,Pick,9
53603,Bilibili Gaming,Jarvan IV,Pick,10
53603,Bilibili Gaming,Neeko,Pick,11
53603,Gen.G eSports,Akali,Pick,12
53603,Gen.G eSports,Caitlyn,Ban,13
53603,Bilibili Gaming,Nautilus,Ban,14
53603,Gen.G eSports,Aphelios,Ban,15
53603,Bilibili Gaming,Kaisa,Ban,16
53603,Gen.G eSports,Kalista,Pick,17
53603,Bilibili Gaming,Ashe,Pick,18
53603,Bilibili Gaming,Tahm Kench,Pick,19
53603,Gen.G eSports,Rell,Pick,20
53604,Bilibili Gaming,Sylas,Ban,1
53604,Gen.G eSports,Xayah,Ban,2
53604,Bilibili Gaming,Rakan,Ban,3
53604,Gen.G eSports,Renata Glasc,Ban,4
53604,Bilibili Gaming,Aatrox,Ban,5
53604,Gen.G eSports,Jax,Ban,6
53604,Bilibili Gaming,Rumble,Pick,7
53604,Gen.G eSports,Gnar,Pick,8
53604,Gen.G eSports,Vi,Pick,9
53604,Bilibili Gaming,Jarvan IV,Pick,10
53604,Bilibili Gaming,Orianna,Pick,11
53604,Gen.G eSports,Akali,Pick,12
53604,Gen.G eSports,Caitlyn,Ban,13
53604,Bilibili Gaming,Nautilus,Ban,14
53604,Gen.G eSports,Aphelios,Ban,15
53604,Bilibili Gaming,Kalista,Ban,16
53604,Gen.G eSports,Kaisa,Pick,17
53604,Bilibili Gaming,Tahm Kench,Pick,18
53604,Bilibili Gaming,Senna,Pick,19
53604,Gen.G eSports,Rell,Pick,20
53605,JD Gaming,Rumble,Ban,1
53605,KT Rolster,Xayah,Ban,2
53605,JD Gaming,Neeko,Ban,3
53605,KT Rolster,Kalista,Ban,4
53605,JD Gaming,Azir,Ban,5
53605,KT Rolster,Jarvan IV,Ban,6
53605,JD Gaming,Renekton,Pick,7
53605,KT Rolster,Jax,Pick,8
53605,KT Rolster,Sejuani,Pick,9
53605,JD Gaming,Rell,Pick,10
53605,JD Gaming,Orianna,Pick,11
53605,KT Rolster,Akali,Pick,12
53605,KT Rolster,Vi,Ban,13
53605,JD Gaming,Nautilus,Ban,14
53605,KT Rolster,Wukong,Ban,15
53605,JD Gaming,Taliyah,Ban,16
53605,KT Rolster,Aphelios,Pick,17
53605,JD Gaming,Zeri,Pick,18
53605,JD Gaming,Rakan,Pick,19
53605,KT Rolster,Lulu,Pick,20
53606,JD Gaming,Rumble,Ban,1
53606,KT Rolster,Xayah,Ban,2
53606,JD Gaming,Sejuani,Ban,3
53606,KT Rolster,Kalista,Ban,4
53606,JD Gaming,Azir,Ban,5
53606,KT Rolster,Jarvan IV,Ban,6
53606,JD Gaming,Aatrox,Pick,7
53606,KT Rolster,Renekton,Pick,8
53606,KT Rolster,Viego,Pick,9
53606,JD Gaming,Vi,Pick,10
53606,JD Gaming,Neeko,Pick,11
53606,KT Rolster,Orianna,Pick,12
53606,KT Rolster,Kaisa,Ban,13
53606,JD Gaming,Poppy,Ban,14
53606,KT Rolster,Zeri,Ban,15
53606,JD Gaming,Rell,Ban,16
53606,KT Rolster,Aphelios,Pick,17
53606,JD Gaming,Jinx,Pick,18
53606,JD Gaming,Rakan,Pick,19
53606,KT Rolster,Renata Glasc,Pick,20
53607,KT Rolster,Kalista,Ban,1
53607,JD Gaming,Rumble,Ban,2
53607,KT Rolster,Jarvan IV,Ban,3
53607,JD Gaming,Neeko,Ban,4
53607,KT Rolster,Renata Glasc,Ban,5
53607,JD Gaming,Sejuani,Ban,6
53607,KT Rolster,Jax,Pick,7
53607,JD Gaming,Aatrox,Pick,8
53607,JD Gaming,Wukong,Pick,9
53607,KT Rolster,Rell,Pick,10
53607,KT Rolster,Azir,Pick,11
53607,JD Gaming,Orianna,Pick,12
53607,JD Gaming,Viego,Ban,13
53607,KT Rolster,Kaisa,Ban,14
53607,JD Gaming,Poppy,Ban,15
53607,KT Rolster,Zeri,Ban,16
53607,JD Gaming,Sivir,Pick,17
53607,KT Rolster,Xayah,Pick,18
53607,KT Rolster,Nautilus,Pick,19
53607,JD Gaming,Rakan,Pick,20
53608,KT Rolster,Kalista,Ban,1
53608,JD Gaming,Rumble,Ban,2
53608,KT Rolster,Jarvan IV,Ban,3
53608,JD Gaming,Neeko,Ban,4
53608,KT Rolster,Wukong,Ban,5
53608,JD Gaming,Sejuani,Ban,6
53608,KT Rolster,Jax,Pick,7
53608,JD Gaming,Gragas,Pick,8
53608,JD Gaming,Lee Sin,Pick,9
53608,KT Rolster,Vi,Pick,10
53608,KT Rolster,Syndra,Pick,11
53608,JD Gaming,Orianna,Pick,12
53608,JD Gaming,Akali,Ban,13
53608,KT Rolster,Aatrox,Ban,14
53608,JD Gaming,Azir,Ban,15
53608,KT Rolster,Rell,Ban,16
53608,JD Gaming,Kaisa,Pick,17
53608,KT Rolster,Xayah,Pick,18
53608,KT Rolster,Lulu,Pick,19
53608,JD Gaming,Rakan,Pick,20
53610,LNG Esports,Caitlyn,Ban,1
53610,T1,Xayah,Ban,2
53610,LNG Esports,Renata Glasc,Ban,3
53610,T1,Neeko,Ban,4
53610,LNG Esports,Rumble,Ban,5
53610,T1,Jax,Ban,6
53610,LNG Esports,Gwen,Pick,7
53610,T1,Aatrox,Pick,8
53610,T1,Rell,Pick,9
53610,LNG Esports,Jarvan IV,Pick,10
53610,LNG Esports,Azir,Pick,11
53610,T1,Orianna,Pick,12
53610,T1,Nautilus,Ban,13
53610,LNG Esports,Aphelios,Ban,14
53610,T1,Alistar,Ban,15
53610,LNG Esports,Rakan,Ban,16
53610,T1,Nilah,Pick,17
53610,LNG Esports,Kaisa,Pick,18
53610,LNG Esports,Blitzcrank,Pick,19
53610,T1,Senna,Pick,20
53611,LNG Esports,Rumble,Ban,1
53611,T1,Xayah,Ban,2
53611,LNG Esports,Jarvan IV,Ban,3
53611,T1,Neeko,Ban,4
53611,LNG Esports,Azir,Ban,5
53611,T1,Orianna,Ban,6
53611,LNG Esports,Gwen,Pick,7
53611,T1,Aatrox,Pick,8
53611,T1,Rell,Pick,9
53611,LNG Esports,Maokai,Pick,10
53611,LNG Esports,Jayce,Pick,11
53611,T1,Sylas,Pick,12
53611,T1,Kaisa,Ban,13
53611,LNG Esports,Caitlyn,Ban,14
53611,T1,Nautilus,Ban,15
53611,LNG Esports,Renata Glasc,Ban,16
53611,T1,Varus,Pick,17
53611,LNG Esports,Aphelios,Pick,18
53611,LNG Esports,Rakan,Pick,19
53611,T1,Ashe,Pick,20
53612,LNG Esports,Rumble,Ban,1
53612,T1,Xayah,Ban,2
53612,LNG Esports,Jarvan IV,Ban,3
53612,T1,Neeko,Ban,4
53612,LNG Esports,Rell,Ban,5
53612,T1,Maokai,Ban,6
53612,LNG Esports,Renekton,Pick,7
53612,T1,Jayce,Pick,8
53612,T1,Poppy,Pick,9
53612,LNG Esports,Sejuani,Pick,10
53612,LNG Esports,Orianna,Pick,11
53612,T1,Azir,Pick,12
53612,T1,Caitlyn,Ban,13
53612,LNG Esports,Kalista,Ban,14
53612,T1,Kaisa,Ban,15
53612,LNG Esports,Gnar,Ban,16
53612,T1,Varus,Pick,17
53612,LNG Esports,Aphelios,Pick,18
53612,LNG Esports,Milio,Pick,19
53612,T1,Renata Glasc,Pick,20
53613,Weibo Gaming,Jax,Ban,1
53613,Bilibili Gaming,Orianna,Ban,2
53613,Weibo Gaming,Jarvan IV,Ban,3
53613,Bilibili Gaming,Kalista,Ban,4
53613,Weibo Gaming,Rakan,Ban,5
53613,Bilibili Gaming,Caitlyn,Ban,6
53613,Weibo Gaming,Rumble,Pick,7
53613,Bilibili Gaming,Aatrox,Pick,8
53613,Bilibili Gaming,Vi,Pick,9
53613,Weibo Gaming,Belveth,Pick,10
53613,Weibo Gaming,Neeko,Pick,11
53613,Bilibili Gaming,Syndra,Pick,12
53613,Bilibili Gaming,Renata Glasc,Ban,13
53613,Weibo Gaming,Nautilus,Ban,14
53613,Bilibili Gaming,Wukong,Ban,15
53613,Weibo Gaming,Blitzcrank,Ban,16
53613,Bilibili Gaming,Xayah,Pick,17
53613,Weibo Gaming,Aphelios,Pick,18
53613,Weibo Gaming,Milio,Pick,19
53613,Bilibili Gaming,Rell,Pick,20
53614,Bilibili Gaming,Rumble,Ban,1
53614,Weibo Gaming,Jarvan IV,Ban,2
53614,Bilibili Gaming,Belveth,Ban,3
53614,Weibo Gaming,Neeko,Ban,4
53614,Bilibili Gaming,Renata Glasc,Ban,5
53614,Weibo Gaming,Orianna,Ban,6
53614,Bilibili Gaming,Jax,Pick,7
53614,Weibo Gaming,Aatrox,Pick,8
53614,Weibo Gaming,Maokai,Pick,9
53614,Bilibili Gaming,Vi,Pick,10
53614,Bilibili Gaming,Sylas,Pick,11
53614,Weibo Gaming,Azir,Pick,12
53614,Weibo Gaming,Rell,Ban,13
53614,Bilibili Gaming,Jayce,Ban,14
53614,Weibo Gaming,Sejuani,Ban,15
53614,Bilibili Gaming,KSante,Ban,16
53614,Weibo Gaming,Caitlyn,Pick,17
53614,Bilibili Gaming,Varus,Pick,18
53614,Bilibili Gaming,Ashe,Pick,19
53614,Weibo Gaming,Lux,Pick,20
53615,Weibo Gaming,Jax,Ban,1
53615,Bilibili Gaming,Rumble,Ban,2
53615,Weibo Gaming,Jarvan IV,Ban,3
53615,Bilibili Gaming,Orianna,Ban,4
53615,Weibo Gaming,Rakan,Ban,5
53615,Bilibili Gaming,Neeko,Ban,6
53615,Weibo Gaming,Graves,Pick,7
53615,Bilibili Gaming,Aatrox,Pick,8
53615,Bilibili Gaming,Vi,Pick,9
53615,Weibo Gaming,Poppy,Pick,10
53615,Weibo Gaming,Syndra,Pick,11
53615,Bilibili Gaming,Akali,Pick,12
53615,Bilibili Gaming,Taliyah,Ban,13
53615,Weibo Gaming,Sylas,Ban,14
53615,Bilibili Gaming,Azir,Ban,15
53615,Weibo Gaming,Ahri,Ban,16
53615,Bilibili Gaming,Kalista,Pick,17
53615,Weibo Gaming,Varus,Pick,18
53615,Weibo Gaming,Ashe,Pick,19
53615,Bilibili Gaming,Caitlyn,Pick,20
53616,Bilibili Gaming,Rumble,Ban,1
53616,Weibo Gaming,Neeko,Ban,2
53616,Bilibili Gaming,Poppy,Ban,3
53616,Weibo Gaming,Jarvan IV,Ban,4
53616,Bilibili Gaming,Belveth,Ban,5
53616,Weibo Gaming,Vi,Ban,6
53616,Bilibili Gaming,Jax,Pick,7
53616,Weibo Gaming,Quinn,Pick,8
53616,Weibo Gaming,Rell,Pick,9
53616,Bilibili Gaming,Sejuani,Pick,10
53616,Bilibili Gaming,Orianna,Pick,11
53616,Weibo Gaming,Syndra,Pick,12
53616,Weibo Gaming,Tahm Kench,Ban,13
53616,Bilibili Gaming,Caitlyn,Ban,14
53616,Weibo Gaming,Rakan,Ban,15
53616,Bilibili Gaming,Kalista,Ban,16
53616,Weibo Gaming,Ashe,Pick,17
53616,Bilibili Gaming,Aphelios,Pick,18
53616,Bilibili Gaming,Bard,Pick,19
53616,Weibo Gaming,Heimerdinger,Pick,20
53617,Weibo Gaming,Jax,Ban,1
53617,Bilibili Gaming,Rumble,Ban,2
53617,Weibo Gaming,Jarvan IV,Ban,3
53617,Bilibili Gaming,Orianna,Ban,4
53617,Weibo Gaming,Sylas,Ban,5
53617,Bilibili Gaming,Neeko,Ban,6
53617,Weibo Gaming,Ornn,Pick,7
53617,Bilibili Gaming,KSante,Pick,8
53617,Bilibili Gaming,Sejuani,Pick,9
53617,Weibo Gaming,Maokai,Pick,10
53617,Weibo Gaming,Azir,Pick,11
53617,Bilibili Gaming,Jayce,Pick,12
53617,Bilibili Gaming,Gnar,Ban,13
53617,Weibo Gaming,Rakan,Ban,14
53617,Bilibili Gaming,Aatrox,Ban,15
53617,Weibo Gaming,Ashe,Ban,16
53617,Bilibili Gaming,Caitlyn,Pick,17
53617,Weibo Gaming,Kalista,Pick,18
53617,Weibo Gaming,Renata Glasc,Pick,19
53617,Bilibili Gaming,Lux,Pick,20
53618,T1,Rakan,Ban,1
53618,JD Gaming,Ashe,Ban,2
53618,T1,Neeko,Ban,3
53618,JD Gaming,Poppy,Ban,4
53618,T1,Jarvan IV,Ban,5
53618,JD Gaming,Kalista,Ban,6
53618,T1,Aatrox,Pick,7
53618,JD Gaming,Rumble,Pick,8
53618,JD Gaming,Vi,Pick,9
53618,T1,Rell,Pick,10
53618,T1,Orianna,Pick,11
53618,JD Gaming,Akali,Pick,12
53618,JD Gaming,Senna,Ban,13
53618,T1,Nautilus,Ban,14
53618,JD Gaming,Caitlyn,Ban,15
53618,T1,Renata Glasc,Ban,16
53618,JD Gaming,Xayah,Pick,17
53618,T1,Jhin,Pick,18
53618,T1,Bard,Pick,19
53618,JD Gaming,Alistar,Pick,20
53619,JD Gaming,Rumble,Ban,1
53619,T1,Rakan,Ban,2
53619,JD Gaming,Poppy,Ban,3
53619,T1,Neeko,Ban,4
53619,JD Gaming,Akali,Ban,5
53619,T1,Jarvan IV,Ban,6
53619,JD Gaming,KSante,Pick,7
53619,T1,Aatrox,Pick,8
53619,T1,Maokai,Pick,9
53619,JD Gaming,Vi,Pick,10
53619,JD Gaming,Orianna,Pick,11
53619,T1,Azir,Pick,12
53619,T1,Nautilus,Ban,13
53619,JD Gaming,Gwen,Ban,14
53619,T1,Blitzcrank,Ban,15
53619,JD Gaming,Rell,Ban,16
53619,T1,Caitlyn,Pick,17
53619,JD Gaming,Kalista,Pick,18
53619,JD Gaming,Senna,Pick,19
53619,T1,Ashe,Pick,20
53620,T1,Rakan,Ban,1
53620,JD Gaming,Rumble,Ban,2
53620,T1,Neeko,Ban,3
53620,JD Gaming,Orianna,Ban,4
53620,T1,Jarvan IV,Ban,5
53620,JD Gaming,Poppy,Ban,6
53620,T1,Aatrox,Pick,7
53620,JD Gaming,Renekton,Pick,8
53620,JD Gaming,Wukong,Pick,9
53620,T1,Rell,Pick,10
53620,T1,Azir,Pick,11
53620,JD Gaming,Taliyah,Pick,12
53620,JD Gaming,Pyke,Ban,13
53620,T1,Akali,Ban,14
53620,JD Gaming,Bard,Ban,15
53620,T1,KSante,Ban,16
53620,JD Gaming,Varus,Pick,17
53620,T1,Kalista,Pick,18
53620,T1,Renata Glasc,Pick,19
53620,JD Gaming,Ashe,Pick,20
53621,JD Gaming,Rumble,Ban,1
53621,T1,Rakan,Ban,2
53621,JD Gaming,Poppy,Ban,3
53621,T1,Neeko,Ban,4
53621,JD Gaming,Rell,Ban,5
53621,T1,Kalista,Ban,6
53621,JD Gaming,Aatrox,Pick,7
53621,T1,Yone,Pick,8
53621,T1,Jarvan IV,Pick,9
53621,JD Gaming,Belveth,Pick,10
53621,JD Gaming,Orianna,Pick,11
53621,T1,Azir,Pick,12
53621,T1,Kaisa,Ban,13
53621,JD Gaming,Ashe,Ban,14
53621,T1,Xayah,Ban,15
53621,JD Gaming,Renata Glasc,Ban,16
53621,T1,Varus,Pick,17
53621,JD Gaming,Zeri,Pick,18
53621,JD Gaming,Lulu,Pick,19
53621,T1,Bard,Pick,20
53622,Weibo Gaming,Jarvan IV,Ban,1
53622,T1,Neeko,Ban,2
53622,Weibo Gaming,Azir,Ban,3
53622,T1,Orianna,Ban,4
53622,Weibo Gaming,Sylas,Ban,5
53622,T1,Rumble,Ban,6
53622,Weibo Gaming,Aatrox,Pick,7
53622,T1,Yone,Pick,8
53622,T1,Lee Sin,Pick,9
53622,Weibo Gaming,Maokai,Pick,10
53622,Weibo Gaming,Jayce,Pick,11
53622,T1,Ahri,Pick,12
53622,T1,Ashe,Ban,13
53622,Weibo Gaming,Sejuani,Ban,14
53622,T1,Varus,Ban,15
53622,Weibo Gaming,Rell,Ban,16
53622,T1,Kalista,Pick,17
53622,Weibo Gaming,Tahm Kench,Pick,18
53622,Weibo Gaming,Senna,Pick,19
53622,T1,Renata Glasc,Pick,20
53623,Weibo Gaming,Azir,Ban,1
53623,T1,Neeko,Ban,2
53623,Weibo Gaming,Jarvan IV,Ban,3
53623,T1,Orianna,Ban,4
53623,Weibo Gaming,Ashe,Ban,5
53623,T1,Rumble,Ban,6
53623,Weibo Gaming,Aatrox,Pick,7
53623,T1,Gwen,Pick,8
53623,T1,Nocturne,Pick,9
53623,Weibo Gaming,Maokai,Pick,10
53623,Weibo Gaming,Ahri,Pick,11
53623,T1,Sylas,Pick,12
53623,T1,Jayce,Ban,13
53623,Weibo Gaming,Poppy,Ban,14
53623,T1,KSante,Ban,15
53623,Weibo Gaming,Yone,Ban,16
53623,T1,Draven,Pick,17
53623,Weibo Gaming,Kalista,Pick,18
53623,Weibo Gaming,Senna,Pick,19
53623,T1,Renata Glasc,Pick,20
53624,Weibo Gaming,Jarvan IV,Ban,1
53624,T1,Neeko,Ban,2
53624,Weibo Gaming,Ashe,Ban,3
53624,T1,Rumble,Ban,4
53624,Weibo Gaming,Renata Glasc,Ban,5
53624,T1,Orianna,Ban,6
53624,Weibo Gaming,Kennen,Pick,7
53624,T1,Aatrox,Pick,8
53624,T1,Lee Sin,Pick,9
53624,Weibo Gaming,Belveth,Pick,10
53624,Weibo Gaming,Azir,Pick,11
53624,T1,Akali,Pick,12
53624,T1,Poppy,Ban,13
53624,Weibo Gaming,Wukong,Ban,14
53624,T1,KSante,Ban,15
53624,Weibo Gaming,Jayce,Ban,16
53624,T1,Xayah,Pick,17
53624,Weibo Gaming,Varus,Pick,18
53624,Weibo Gaming,Bard,Pick,19
53624,T1,Rakan,Pick,20
53625,Weibo Gaming,Kalista,Ban,1
53625,Ninjas in Pyjamas,Ashe,Ban,2
53625,Weibo Gaming,Nocturne,Ban,3
53625,Ninjas in Pyjamas,Lee Sin,Ban,4
53625,Weibo Gaming,Rumble,Ban,5
53625,Ninjas in Pyjamas,Jax,Ban,6
53625,Weibo Gaming,KSante,Pick,7
53625,Ninjas in Pyjamas,Renekton,Pick,8
53625,Ninjas in Pyjamas,Vi,Pick,9
53625,Weibo Gaming,Xin Zhao,Pick,10
53625,Weibo Gaming,LeBlanc,Pick,11
53625,Ninjas in Pyjamas,Azir,Pick,12
53625,Ninjas in Pyjamas,Poppy,Ban,13
53625,Weibo Gaming,Ahri,Ban,14
53625,Ninjas in Pyjamas,Graves,Ban,15
53625,Weibo Gaming,Neeko,Ban,16
53625,Ninjas in Pyjamas,Lucian,Pick,17
53625,Weibo Gaming,Aphelios,Pick,18
53625,Weibo Gaming,Lulu,Pick,19
53625,Ninjas in Pyjamas,Milio,Pick,20
53626,Ninjas in Pyjamas,Nocturne,Ban,1
53626,Weibo Gaming,LeBlanc,Ban,2
53626,Ninjas in Pyjamas,Lee Sin,Ban,3
53626,Weibo Gaming,Rumble,Ban,4
53626,Ninjas in Pyjamas,Jax,Ban,5
53626,Weibo Gaming,Orianna,Ban,6
53626,Ninjas in Pyjamas,Renekton,Pick,7
53626,Weibo Gaming,Ornn,Pick,8
53626,Weibo Gaming,Sejuani,Pick,9
53626,Ninjas in Pyjamas,Poppy,Pick,10
53626,Ninjas in Pyjamas,Syndra,Pick,11
53626,Weibo Gaming,Sylas,Pick,12
53626,Weibo Gaming,Azir,Ban,13
53626,Ninjas in Pyjamas,KSante,Ban,14
53626,Weibo Gaming,Neeko,Ban,15
53626,Ninjas in Pyjamas,Akali,Ban,16
53626,Weibo Gaming,Kalista,Pick,17
53626,Ninjas in Pyjamas,Varus,Pick,18
53626,Ninjas in Pyjamas,Ashe,Pick,19
53626,Weibo Gaming,Renata Glasc,Pick,20
53627,Weibo Gaming,Kalista,Ban,1
53627,Ninjas in Pyjamas,Ashe,Ban,2
53627,Weibo Gaming,Nocturne,Ban,3
53627,Ninjas in Pyjamas,LeBlanc,Ban,4
53627,Weibo Gaming,Neeko,Ban,5
53627,Ninjas in Pyjamas,Lucian,Ban,6
53627,Weibo Gaming,Rumble,Pick,7
53627,Ninjas in Pyjamas,Jax,Pick,8
53627,Ninjas in Pyjamas,Sejuani,Pick,9
53627,Weibo Gaming,Lee Sin,Pick,10
53627,Weibo Gaming,Ahri,Pick,11
53627,Ninjas in Pyjamas,Akali,Pick,12
53627,Ninjas in Pyjamas,Sylas,Ban,13
53627,Weibo Gaming,Senna,Ban,14
53627,Ninjas in Pyjamas,Azir,Ban,15
53627,Weibo Gaming,Rakan,Ban,16
53627,Ninjas in Pyjamas,Varus,Pick,17
53627,Weibo Gaming,Draven,Pick,18
53627,Weibo Gaming,Renata Glasc,Pick,19
53627,Ninjas in Pyjamas,Braum,Pick,20
53628,Ninjas in Pyjamas,Lee Sin,Ban,1
53628,Weibo Gaming,LeBlanc,Ban,2
53628,Ninjas in Pyjamas,Nocturne,Ban,3
53628,Weibo Gaming,Rumble,Ban,4
53628,Ninjas in Pyjamas,Akali,Ban,5
53628,Weibo Gaming,Ashe,Ban,6
53628,Ninjas in Pyjamas,Renekton,Pick,7
53628,Weibo Gaming,Jax,Pick,8
53628,Weibo Gaming,Sejuani,Pick,9
53628,Ninjas in Pyjamas,Maokai,Pick,10
53628,Ninjas in Pyjamas,Azir,Pick,11
53628,Weibo Gaming,Ahri,Pick,12
53628,Weibo Gaming,Poppy,Ban,13
53628,Ninjas in Pyjamas,Xin Zhao,Ban,14
53628,Weibo Gaming,KSante,Ban,15
53628,Ninjas in Pyjamas,Sylas,Ban,16
53628,Weibo Gaming,Draven,Pick,17
53628,Ninjas in Pyjamas,Kalista,Pick,18
53628,Ninjas in Pyjamas,Senna,Pick,19
53628,Weibo Gaming,Renata Glasc,Pick,20
53629,Weibo Gaming,Kalista,Ban,1
53629,Ninjas in Pyjamas,Ashe,Ban,2
53629,Weibo Gaming,Nocturne,Ban,3
53629,Ninjas in Pyjamas,LeBlanc,Ban,4
53629,Weibo Gaming,Neeko,Ban,5
53629,Ninjas in Pyjamas,Lee Sin,Ban,6
53629,Weibo Gaming,Rumble,Pick,7
53629,Ninjas in Pyjamas,Jax,Pick,8
53629,Ninjas in Pyjamas,Poppy,Pick,9
53629,Weibo Gaming,Viego,Pick,10
53629,Weibo Gaming,Orianna,Pick,11
53629,Ninjas in Pyjamas,Azir,Pick,12
53629,Ninjas in Pyjamas,Akali,Ban,13
53629,Weibo Gaming,Nautilus,Ban,14
53629,Ninjas in Pyjamas,Xin Zhao,Ban,15
53629,Weibo Gaming,Rakan,Ban,16
53629,Ninjas in Pyjamas,Varus,Pick,17
53629,Weibo Gaming,Lucian,Pick,18
53629,Weibo Gaming,Milio,Pick,19
53629,Ninjas in Pyjamas,Renata Glasc,Pick,20
53630,Bilibili Gaming,Nautilus,Ban,1
53630,Royal Never Give Up,Ashe,Ban,2
53630,Bilibili Gaming,Nocturne,Ban,3
53630,Royal Never Give Up,Kalista,Ban,4
53630,Bilibili Gaming,Poppy,Ban,5
53630,Royal Never Give Up,Jax,Ban,6
53630,Bilibili Gaming,Rumble,Pick,7
53630,Royal Never Give Up,Aatrox,Pick,8
53630,Royal Never Give Up,Vi,Pick,9
53630,Bilibili Gaming,Lee Sin,Pick,10
53630,Bilibili Gaming,LeBlanc,Pick,11
53630,Royal Never Give Up,Akali,Pick,12
53630,Royal Never Give Up,Caitlyn,Ban,13
53630,Bilibili Gaming,Neeko,Ban,14
53630,Royal Never Give Up,Varus,Ban,15
53630,Bilibili Gaming,Orianna,Ban,16
53630,Royal Never Give Up,Lucian,Pick,17
53630,Bilibili Gaming,Xayah,Pick,18
53630,Bilibili Gaming,Rakan,Pick,19
53630,Royal Never Give Up,Milio,Pick,20
53631,Royal Never Give Up,Ashe,Ban,1
53631,Bilibili Gaming,Nautilus,Ban,2
53631,Royal Never Give Up,LeBlanc,Ban,3
53631,Bilibili Gaming,Nocturne,Ban,4
53631,Royal Never Give Up,Kalista,Ban,5
53631,Bilibili Gaming,Poppy,Ban,6
53631,Royal Never Give Up,Jax,Pick,7
53631,Bilibili Gaming,Aatrox,Pick,8
53631,Bilibili Gaming,Vi,Pick,9
53631,Royal Never Give Up,Sejuani,Pick,10
53631,Royal Never Give Up,Azir,Pick,11
53631,Bilibili Gaming,Neeko,Pick,12
53631,Bilibili Gaming,Senna,Ban,13
53631,Royal Never Give Up,Milio,Ban,14
53631,Bilibili Gaming,Renata Glasc,Ban,15
53631,Royal Never Give Up,Rakan,Ban,16
53631,Bilibili Gaming,Kaisa,Pick,17
53631,Royal Never Give Up,Xayah,Pick,18
53631,Royal Never Give Up,Rell,Pick,19
53631,Bilibili Gaming,Alistar,Pick,20
53632,Bilibili Gaming,Nautilus,Ban,1
53632,Royal Never Give Up,Ashe,Ban,2
53632,Bilibili Gaming,Nocturne,Ban,3
53632,Royal Never Give Up,Kalista,Ban,4
53632,Bilibili Gaming,Poppy,Ban,5
53632,Royal Never Give Up,Jax,Ban,6
53632,Bilibili Gaming,Rumble,Pick,7
53632,Royal Never Give Up,Akali,Pick,8
53632,Royal Never Give Up,Sejuani,Pick,9
53632,Bilibili Gaming,Lee Sin,Pick,10
53632,Bilibili Gaming,LeBlanc,Pick,11
53632,Royal Never Give Up,Tristana,Pick,12
53632,Royal Never Give Up,Milio,Ban,13
53632,Bilibili Gaming,Senna,Ban,14
53632,Royal Never Give Up,Rakan,Ban,15
53632,Bilibili Gaming,Varus,Ban,16
53632,Royal Never Give Up,Kaisa,Pick,17
53632,Bilibili Gaming,Xayah,Pick,18
53632,Bilibili Gaming,Renata Glasc,Pick,19
53632,Royal Never Give Up,Karma,Pick,20
53633,Royal Never Give Up,Ashe,Ban,1
53633,Bilibili Gaming,Nautilus,Ban,2
53633,Royal Never Give Up,LeBlanc,Ban,3
53633,Bilibili Gaming,Nocturne,Ban,4
53633,Royal Never Give Up,Kalista,Ban,5
53633,Bilibili Gaming,Jax,Ban,6
53633,Royal Never Give Up,Rumble,Pick,7
53633,Bilibili Gaming,KSante,Pick,8
53633,Bilibili Gaming,Kindred,Pick,9
53633,Royal Never Give Up,Poppy,Pick,10
53633,Royal Never Give Up,Azir,Pick,11
53633,Bilibili Gaming,Neeko,Pick,12
53633,Bilibili Gaming,Renata Glasc,Ban,13
53633,Royal Never Give Up,Vi,Ban,14
53633,Bilibili Gaming,Varus,Ban,15
53633,Royal Never Give Up,Aatrox,Ban,16
53633,Bilibili Gaming,Xayah,Pick,17
53633,Royal Never Give Up,Tahm Kench,Pick,18
53633,Royal Never Give Up,Senna,Pick,19
53633,Bilibili Gaming,Rakan,Pick,20
53634,Ninjas in Pyjamas,Nocturne,Ban,1
53634,Bilibili Gaming,Rumble,Ban,2
53634,Ninjas in Pyjamas,Neeko,Ban,3
53634,Bilibili Gaming,Ashe,Ban,4
53634,Ninjas in Pyjamas,Jax,Ban,5
53634,Bilibili Gaming,Poppy,Ban,6
53634,Ninjas in Pyjamas,Aatrox,Pick,7
53634,Bilibili Gaming,Renekton,Pick,8
53634,Bilibili Gaming,Nidalee,Pick,9
53634,Ninjas in Pyjamas,Lee Sin,Pick,10
53634,Ninjas in Pyjamas,LeBlanc,Pick,11
53634,Bilibili Gaming,Tristana,Pick,12
53634,Bilibili Gaming,Draven,Ban,13
53634,Ninjas in Pyjamas,Maokai,Ban,14
53634,Bilibili Gaming,Rakan,Ban,15
53634,Ninjas in Pyjamas,Sejuani,Ban,16
53634,Bilibili Gaming,Kalista,Pick,17
53634,Ninjas in Pyjamas,Caitlyn,Pick,18
53634,Ninjas in Pyjamas,Lux,Pick,19
53634,Bilibili Gaming,Renata Glasc,Pick,20
53635,Ninjas in Pyjamas,Jax,Ban,1
53635,Bilibili Gaming,Rumble,Ban,2
53635,Ninjas in Pyjamas,Nocturne,Ban,3
53635,Bilibili Gaming,Ashe,Ban,4
53635,Ninjas in Pyjamas,Kalista,Ban,5
53635,Bilibili Gaming,LeBlanc,Ban,6
53635,Ninjas in Pyjamas,Renekton,Pick,7
53635,Bilibili Gaming,KSante,Pick,8
53635,Bilibili Gaming,Lee Sin,Pick,9
53635,Ninjas in Pyjamas,Belveth,Pick,10
53635,Ninjas in Pyjamas,Neeko,Pick,11
53635,Bilibili Gaming,Orianna,Pick,12
53635,Bilibili Gaming,Vi,Ban,13
53635,Ninjas in Pyjamas,Varus,Ban,14
53635,Bilibili Gaming,Poppy,Ban,15
53635,Ninjas in Pyjamas,Rakan,Ban,16
53635,Bilibili Gaming,Caitlyn,Pick,17
53635,Ninjas in Pyjamas,Lucian,Pick,18
53635,Ninjas in Pyjamas,Milio,Pick,19
53635,Bilibili Gaming,Lux,Pick,20
53636,Ninjas in Pyjamas,Nocturne,Ban,1
53636,Bilibili Gaming,Rumble,Ban,2
53636,Ninjas in Pyjamas,Neeko,Ban,3
53636,Bilibili Gaming,Ashe,Ban,4
53636,Ninjas in Pyjamas,Jax,Ban,5
53636,Bilibili Gaming,Poppy,Ban,6
53636,Ninjas in Pyjamas,Renekton,Pick,7
53636,Bilibili Gaming,Kennen,Pick,8
53636,Bilibili Gaming,Vi,Pick,9
53636,Ninjas in Pyjamas,Maokai,Pick,10
53636,Ninjas in Pyjamas,LeBlanc,Pick,11
53636,Bilibili Gaming,Tristana,Pick,12
53636,Bilibili Gaming,KSante,Ban,13
53636,Ninjas in Pyjamas,Nidalee,Ban,14
53636,Bilibili Gaming,Lee Sin,Ban,15
53636,Ninjas in Pyjamas,Kindred,Ban,16
53636,Bilibili Gaming,Kalista,Pick,17
53636,Ninjas in Pyjamas,Caitlyn,Pick,18
53636,Ninjas in Pyjamas,Lux,Pick,19
53636,Bilibili Gaming,Renata Glasc,Pick,20
53639,Rare Atom,Nocturne,Ban,1
53639,JD Gaming,LeBlanc,Ban,2
53639,Rare Atom,Neeko,Ban,3
53639,JD Gaming,Kalista,Ban,4
53639,Rare Atom,Nautilus,Ban,5
53639,JD Gaming,Rumble,Ban,6
53639,Rare Atom,Aatrox,Pick,7
53639,JD Gaming,Jax,Pick,8
53639,JD Gaming,Lee Sin,Pick,9
53639,Rare Atom,Vi,Pick,10
53639,Rare Atom,Akali,Pick,11
53639,JD Gaming,Azir,Pick,12
53639,JD Gaming,Rell,Ban,13
53639,Rare Atom,Orianna,Ban,14
53639,JD Gaming,Poppy,Ban,15
53639,Rare Atom,Renata Glasc,Ban,16
53639,JD Gaming,Varus,Pick,17
53639,Rare Atom,Draven,Pick,18
53639,Rare Atom,Ashe,Pick,19
53639,JD Gaming,Tahm Kench,Pick,20
53640,Rare Atom,Nocturne,Ban,1
53640,JD Gaming,LeBlanc,Ban,2
53640,Rare Atom,Ashe,Ban,3
53640,JD Gaming,Kalista,Ban,4
53640,Rare Atom,Neeko,Ban,5
53640,JD Gaming,Rumble,Ban,6
53640,Rare Atom,Aatrox,Pick,7
53640,JD Gaming,Jax,Pick,8
53640,JD Gaming,Lee Sin,Pick,9
53640,Rare Atom,KhaZix,Pick,10
53640,Rare Atom,Azir,Pick,11
53640,JD Gaming,Orianna,Pick,12
53640,JD Gaming,Rell,Ban,13
53640,Rare Atom,Lucian,Ban,14
53640,JD Gaming,Poppy,Ban,15
53640,Rare Atom,Xayah,Ban,16
53640,JD Gaming,Ezreal,Pick,17
53640,Rare Atom,Varus,Pick,18
53640,Rare Atom,Nautilus,Pick,19
53640,JD Gaming,Braum,Pick,20
53641,JD Gaming,LeBlanc,Ban,1
53641,Rare Atom,Nocturne,Ban,2
53641,JD Gaming,Rumble,Ban,3
53641,Rare Atom,Ashe,Ban,4
53641,JD Gaming,Kalista,Ban,5
53641,Rare Atom,Varus,Ban,6
53641,JD Gaming,Jax,Pick,7
53641,Rare Atom,Aatrox,Pick,8
53641,Rare Atom,Poppy,Pick,9
53641,JD Gaming,Xin Zhao,Pick,10
53641,JD Gaming,Neeko,Pick,11
53641,Rare Atom,Orianna,Pick,12
53641,Rare Atom,Sejuani,Ban,13
53641,JD Gaming,Vi,Ban,14
53641,Rare Atom,Lee Sin,Ban,15
53641,JD Gaming,Akali,Ban,16
53641,Rare Atom,Draven,Pick,17
53641,JD Gaming,Lucian,Pick,18
53641,JD Gaming,Milio,Pick,19
53641,Rare Atom,Nautilus,Pick,20
53644,JD Gaming,LeBlanc,Ban,1
53644,Bilibili Gaming,Nocturne,Ban,2
53644,JD Gaming,Kalista,Ban,3
53644,Bilibili Gaming,Jax,Ban,4
53644,JD Gaming,Rumble,Ban,5
53644,Bilibili Gaming,Azir,Ban,6
53644,JD Gaming,Yone,Pick,7
53644,Bilibili Gaming,Aatrox,Pick,8
53644,Bilibili Gaming,Vi,Pick,9
53644,JD Gaming,Lee Sin,Pick,10
53644,JD Gaming,Orianna,Pick,11
53644,Bilibili Gaming,Neeko,Pick,12
53644,Bilibili Gaming,Sivir,Ban,13
53644,JD Gaming,Gnar,Ban,14
53644,Bilibili Gaming,Tahm Kench,Ban,15
53644,JD Gaming,Renekton,Ban,16
53644,Bilibili Gaming,Varus,Pick,17
53644,JD Gaming,Ashe,Pick,18
53644,JD Gaming,Renata Glasc,Pick,19
53644,Bilibili Gaming,Rakan,Pick,20
53645,Bilibili Gaming,Nocturne,Ban,1
53645,JD Gaming,LeBlanc,Ban,2
53645,Bilibili Gaming,Azir,Ban,3
53645,JD Gaming,Kalista,Ban,4
53645,Bilibili Gaming,Ashe,Ban,5
53645,JD Gaming,Vi,Ban,6
53645,Bilibili Gaming,Jax,Pick,7
53645,JD Gaming,Gragas,Pick,8
53645,JD Gaming,Xin Zhao,Pick,9
53645,Bilibili Gaming,Wukong,Pick,10
53645,Bilibili Gaming,Ahri,Pick,11
53645,JD Gaming,Syndra,Pick,12
53645,JD Gaming,Neeko,Ban,13
53645,Bilibili Gaming,Orianna,Ban,14
53645,JD Gaming,Jarvan IV,Ban,15
53645,Bilibili Gaming,Lee Sin,Ban,16
53645,JD Gaming,Varus,Pick,17
53645,Bilibili Gaming,Xayah,Pick,18
53645,Bilibili Gaming,Rakan,Pick,19
53645,JD Gaming,Renata Glasc,Pick,20
53646,JD Gaming,LeBlanc,Ban,1
53646,Bilibili Gaming,Nocturne,Ban,2
53646,JD Gaming,Kalista,Ban,3
53646,Bilibili Gaming,Jax,Ban,4
53646,JD Gaming,Ashe,Ban,5
53646,Bilibili Gaming,Varus,Ban,6
53646,JD Gaming,Udyr,Pick,7
53646,Bilibili Gaming,Rumble,Pick,8
53646,Bilibili Gaming,Lee Sin,Pick,9
53646,JD Gaming,Xin Zhao,Pick,10
53646,JD Gaming,Neeko,Pick,11
53646,Bilibili Gaming,Akali,Pick,12
53646,Bilibili Gaming,Poppy,Ban,13
53646,JD Gaming,Vi,Ban,14
53646,Bilibili Gaming,Aatrox,Ban,15
53646,JD Gaming,Wukong,Ban,16
53646,Bilibili Gaming,Xayah,Pick,17
53646,JD Gaming,Lucian,Pick,18
53646,JD Gaming,Milio,Pick,19
53646,Bilibili Gaming,Rakan,Pick,20
53649,LNG Esports,Akali,Ban,1
53649,Rare Atom,Poppy,Ban,2
53649,LNG Esports,Nocturne,Ban,3
53649,Rare Atom,Ashe,Ban,4
53649,LNG Esports,KSante,Ban,5
53649,Rare Atom,Neeko,Ban,6
53649,LNG Esports,Aatrox,Pick,7
53649,Rare Atom,Rumble,Pick,8
53649,Rare Atom,Rell,Pick,9
53649,LNG Esports,Maokai,Pick,10
53649,LNG Esports,Orianna,Pick,11
53649,Rare Atom,LeBlanc,Pick,12
53649,Rare Atom,Vi,Ban,13
53649,LNG Esports,Lee Sin,Ban,14
53649,Rare Atom,Jarvan IV,Ban,15
53649,LNG Esports,Wukong,Ban,16
53649,Rare Atom,Varus,Pick,17
53649,LNG Esports,Kalista,Pick,18
53649,LNG Esports,Senna,Pick,19
53649,Rare Atom,Renata Glasc,Pick,20
53650,LNG Esports,Nocturne,Ban,1
53650,Rare Atom,Poppy,Ban,2
53650,LNG Esports,Udyr,Ban,3
53650,Rare Atom,Ashe,Ban,4
53650,LNG Esports,Renata Glasc,Ban,5
53650,Rare Atom,Rumble,Ban,6
53650,LNG Esports,Kennen,Pick,7
53650,Rare Atom,Jax,Pick,8
53650,Rare Atom,Jarvan IV,Pick,9
53650,LNG Esports,Belveth,Pick,10
53650,LNG Esports,Neeko,Pick,11
53650,Rare Atom,LeBlanc,Pick,12
53650,Rare Atom,Tristana,Ban,13
53650,LNG Esports,Nautilus,Ban,14
53650,Rare Atom,Lucian,Ban,15
53650,LNG Esports,Lee Sin,Ban,16
53650,Rare Atom,Kalista,Pick,17
53650,LNG Esports,Tahm Kench,Pick,18
53650,LNG Esports,Senna,Pick,19
53650,Rare Atom,Rell,Pick,20
53651,LNG Esports,Rell,Ban,1
53651,Rare Atom,Poppy,Ban,2
53651,LNG Esports,Nocturne,Ban,3
53651,Rare Atom,Ashe,Ban,4
53651,LNG Esports,Tristana,Ban,5
53651,Rare Atom,LeBlanc,Ban,6
53651,LNG Esports,Jax,Pick,7
53651,Rare Atom,Aatrox,Pick,8
53651,Rare Atom,Lee Sin,Pick,9
53651,LNG Esports,Belveth,Pick,10
53651,LNG Esports,Neeko,Pick,11
53651,Rare Atom,Azir,Pick,12
53651,Rare Atom,Sejuani,Ban,13
53651,LNG Esports,Jarvan IV,Ban,14
53651,Rare Atom,Vi,Ban,15
53651,LNG Esports,Rumble,Ban,16
53651,Rare Atom,Kalista,Pick,17
53651,LNG Esports,Caitlyn,Pick,18
53651,LNG Esports,Lux,Pick,19
53651,Rare Atom,Renata Glasc,Pick,20
53652,Rare Atom,Poppy,Ban,1
53652,LNG Esports,Rell,Ban,2
53652,Rare Atom,LeBlanc,Ban,3
53652,LNG Esports,Nocturne,Ban,4
53652,Rare Atom,Neeko,Ban,5
53652,LNG Esports,Ashe,Ban,6
53652,Rare Atom,Rumble,Pick,7
53652,LNG Esports,Aatrox,Pick,8
53652,LNG Esports,Wukong,Pick,9
53652,Rare Atom,Jarvan IV,Pick,10
53652,Rare Atom,Tristana,Pick,11
53652,LNG Esports,Orianna,Pick,12
53652,LNG Esports,Azir,Ban,13
53652,Rare Atom,Sejuani,Ban,14
53652,LNG Esports,Akali,Ban,15
53652,Rare Atom,Jax,Ban,16
53652,LNG Esports,Kalista,Pick,17
53652,Rare Atom,Draven,Pick,18
53652,Rare Atom,Renata Glasc,Pick,19
53652,LNG Esports,Senna,Pick,20
53654,JD Gaming,Ashe,Ban,1
53654,Top Esports,Kalista,Ban,2
53654,JD Gaming,Akali,Ban,3
53654,Top Esports,Nocturne,Ban,4
53654,JD Gaming,LeBlanc,Ban,5
53654,Top Esports,Neeko,Ban,6
53654,JD Gaming,Renekton,Pick,7
53654,Top Esports,Aatrox,Pick,8
53654,Top Esports,Lee Sin,Pick,9
53654,JD Gaming,Xin Zhao,Pick,10
53654,JD Gaming,Azir,Pick,11
53654,Top Esports,Orianna,Pick,12
53654,Top Esports,Sejuani,Ban,13
53654,JD Gaming,Vi,Ban,14
53654,Top Esports,Poppy,Ban,15
53654,JD Gaming,Jax,Ban,16
53654,Top Esports,Lucian,Pick,17
53654,JD Gaming,Varus,Pick,18
53654,JD Gaming,Nautilus,Pick,19
53654,Top Esports,Milio,Pick,20
53656,JD Gaming,Ashe,Ban,1
53656,Top Esports,Kalista,Ban,2
53656,JD Gaming,LeBlanc,Ban,3
53656,Top Esports,Varus,Ban,4
53656,JD Gaming,Lucian,Ban,5
53656,Top Esports,Rakan,Ban,6
53656,JD Gaming,Jax,Pick,7
53656,Top Esports,Aatrox,Pick,8
53656,Top Esports,Lee Sin,Pick,9
53656,JD Gaming,Nocturne,Pick,10
53656,JD Gaming,Neeko,Pick,11
53656,Top Esports,Orianna,Pick,12
53656,Top Esports,Kaisa,Ban,13
53656,JD Gaming,Rumble,Ban,14
53656,Top Esports,Ezreal,Ban,15
53656,JD Gaming,Gragas,Ban,16
53656,Top Esports,Tahm Kench,Pick,17
53656,JD Gaming,Zeri,Pick,18
53656,JD Gaming,Lulu,Pick,19
53656,Top Esports,Senna,Pick,20
53657,Top Esports,Nocturne,Ban,1
53657,JD Gaming,LeBlanc,Ban,2
53657,Top Esports,Varus,Ban,3
53657,JD Gaming,Ashe,Ban,4
53657,Top Esports,Poppy,Ban,5
53657,JD Gaming,Kalista,Ban,6
53657,Top Esports,Jax,Pick,7
53657,JD Gaming,Renekton,Pick,8
53657,JD Gaming,Sejuani,Pick,9
53657,Top Esports,Jarvan IV,Pick,10
53657,Top Esports,Akali,Pick,11
53657,JD Gaming,Neeko,Pick,12
53657,JD Gaming,Vi,Ban,13
53657,Top Esports,Lee Sin,Ban,14
53657,JD Gaming,Rumble,Ban,15
53657,Top Esports,Xin Zhao,Ban,16
53657,JD Gaming,Zeri,Pick,17
53657,Top Esports,Lucian,Pick,18
53657,Top Esports,Nami,Pick,19
53657,JD Gaming,Milio,Pick,20
53658,JD Gaming,Ashe,Ban,1
53658,Top Esports,Kalista,Ban,2
53658,JD Gaming,LeBlanc,Ban,3
53658,Top Esports,Varus,Ban,4
53658,JD Gaming,Akali,Ban,5
53658,Top Esports,Nocturne,Ban,6
53658,JD Gaming,Jax,Pick,7
53658,Top Esports,Gragas,Pick,8
53658,Top Esports,Lee Sin,Pick,9
53658,JD Gaming,Xin Zhao,Pick,10
53658,JD Gaming,Neeko,Pick,11
53658,Top Esports,Sylas,Pick,12
53658,Top Esports,Sejuani,Ban,13
53658,JD Gaming,Vi,Ban,14
53658,Top Esports,Azir,Ban,15
53658,JD Gaming,Poppy,Ban,16
53658,Top Esports,Draven,Pick,17
53658,JD Gaming,Lucian,Pick,18
53658,JD Gaming,Nami,Pick,19
53658,Top Esports,Milio,Pick,20
53663,Ultra Prime,Renata Glasc,Ban,1
53663,Top Esports,Lee Sin,Ban,2
53663,Ultra Prime,Poppy,Ban,3
53663,Top Esports,Azir,Ban,4
53663,Ultra Prime,Ashe,Ban,5
53663,Top Esports,Lucian,Ban,6
53663,Ultra Prime,Jax,Pick,7
53663,Top Esports,Aatrox,Pick,8
53663,Top Esports,Vi,Pick,9
53663,Ultra Prime,Sejuani,Pick,10
53663,Ultra Prime,Akali,Pick,11
53663,Top Esports,Ahri,Pick,12
53663,Top Esports,Senna,Ban,13
53663,Ultra Prime,Nocturne,Ban,14
53663,Top Esports,Xayah,Ban,15
53663,Ultra Prime,Nautilus,Ban,16
53663,Top Esports,Kalista,Pick,17
53663,Ultra Prime,Tristana,Pick,18
53663,Ultra Prime,Milio,Pick,19
53663,Top Esports,Neeko,Pick,20
53664,EQX,Ashe,Ban,1
53664,Team WE,Kalista,Ban,2
53664,EQX,Renata Glasc,Ban,3
53664,Team WE,Varus,Ban,4
53664,EQX,Rumble,Ban,5
53664,Team WE,Pyke,Ban,6
53664,EQX,Jax,Pick,7
53664,Team WE,Akali,Pick,8
53664,Team WE,Trundle,Pick,9
53664,EQX,Lee Sin,Pick,10
53664,EQX,LeBlanc,Pick,11
53664,Team WE,Tristana,Pick,12
53664,Team WE,Sejuani,Ban,13
53664,EQX,Aatrox,Ban,14
53664,Team WE,Rell,Ban,15
53664,EQX,Vi,Ban,16
53664,Team WE,Lucian,Pick,17
53664,EQX,Draven,Pick,18
53664,EQX,Blitzcrank,Pick,19
53664,Team WE,Milio,Pick,20
53665,EQX,Draven,Ban,1
53665,Top Esports,Pyke,Ban,2
53665,EQX,Varus,Ban,3
53665,Top Esports,Blitzcrank,Ban,4
53665,EQX,Rumble,Ban,5
53665,Top Esports,Poppy,Ban,6
53665,EQX,Jax,Pick,7
53665,Top Esports,Gragas,Pick,8
53665,Top Esports,Lee Sin,Pick,9
53665,EQX,Elise,Pick,10
53665,EQX,Tristana,Pick,11
53665,Top Esports,Neeko,Pick,12
53665,Top Esports,Sejuani,Ban,13
53665,EQX,Braum,Ban,14
53665,Top Esports,LeBlanc,Ban,15
53665,EQX,Akali,Ban,16
53665,Top Esports,Lucian,Pick,17
53665,EQX,Kalista,Pick,18
53665,EQX,Rell,Pick,19
53665,Top Esports,Ashe,Pick,20
53666,Ultra Prime,Poppy,Ban,1
53666,Team WE,Kalista,Ban,2
53666,Ultra Prime,Renata Glasc,Ban,3
53666,Team WE,Varus,Ban,4
53666,Ultra Prime,Ashe,Ban,5
53666,Team WE,Lee Sin,Ban,6
53666,Ultra Prime,Aatrox,Pick,7
53666,Team WE,Rumble,Pick,8
53666,Team WE,Trundle,Pick,9
53666,Ultra Prime,Maokai,Pick,10
53666,Ultra Prime,Orianna,Pick,11
53666,Team WE,Azir,Pick,12
53666,Team WE,Jax,Ban,13
53666,Ultra Prime,Vi,Ban,14
53666,Team WE,Tristana,Ban,15
53666,Ultra Prime,LeBlanc,Ban,16
53666,Team WE,Kaisa,Pick,17
53666,Ultra Prime,Lucian,Pick,18
53666,Ultra Prime,Milio,Pick,19
53666,Team WE,Nautilus,Pick,20
53667,Ultra Prime,Pyke,Ban,1
53667,EQX,Lee Sin,Ban,2
53667,Ultra Prime,Elise,Ban,3
53667,EQX,Lucian,Ban,4
53667,Ultra Prime,Jax,Ban,5
53667,EQX,Kalista,Ban,6
53667,Ultra Prime,Renekton,Pick,7
53667,EQX,Darius,Pick,8
53667,EQX,Sejuani,Pick,9
53667,Ultra Prime,Vi,Pick,10
53667,Ultra Prime,Akali,Pick,11
53667,EQX,Katarina,Pick,12
53667,EQX,Renata Glasc,Ban,13
53667,Ultra Prime,Rakan,Ban,14
53667,EQX,LeBlanc,Ban,15
53667,Ultra Prime,Tahm Kench,Ban,16
53667,EQX,Xayah,Pick,17
53667,Ultra Prime,Varus,Pick,18
53667,Ultra Prime,Alistar,Pick,19
53667,EQX,Rell,Pick,20
53668,Team WE,Kalista,Ban,1
53668,Top Esports,Rumble,Ban,2
53668,Team WE,Varus,Ban,3
53668,Top Esports,Azir,Ban,4
53668,Team WE,Ashe,Ban,5
53668,Top Esports,Lucian,Ban,6
53668,Team WE,Jax,Pick,7
53668,Top Esports,Renekton,Pick,8
53668,Top Esports,Lee Sin,Pick,9
53668,Team WE,Poppy,Pick,10
53668,Team WE,LeBlanc,Pick,11
53668,Top Esports,Akali,Pick,12
53668,Top Esports,Kaisa,Ban,13
53668,Team WE,Draven,Ban,14
53668,Top Esports,Aphelios,Ban,15
53668,Team WE,Caitlyn,Ban,16
53668,Top Esports,Tahm Kench,Pick,17
53668,Team WE,Ezreal,Pick,18
53668,Team WE,Rakan,Pick,19
53668,Top Esports,Senna,Pick,20
53673,Ninjas in Pyjamas,Lee Sin,Ban,1
53673,Anyone s Legend,Rumble,Ban,2
53673,Ninjas in Pyjamas,Jax,Ban,3
53673,Anyone s Legend,Ashe,Ban,4
53673,Ninjas in Pyjamas,Poppy,Ban,5
53673,Anyone s Legend,Sejuani,Ban,6
53673,Ninjas in Pyjamas,KSante,Pick,7
53673,Anyone s Legend,Aatrox,Pick,8
53673,Anyone s Legend,Wukong,Pick,9
53673,Ninjas in Pyjamas,Vi,Pick,10
53673,Ninjas in Pyjamas,LeBlanc,Pick,11
53673,Anyone s Legend,Azir,Pick,12
53673,Anyone s Legend,Renekton,Ban,13
53673,Ninjas in Pyjamas,Gnar,Ban,14
53673,Anyone s Legend,Akali,Ban,15
53673,Ninjas in Pyjamas,Jarvan IV,Ban,16
53673,Anyone s Legend,Lucian,Pick,17
53673,Ninjas in Pyjamas,Kalista,Pick,18
53673,Ninjas in Pyjamas,Renata Glasc,Pick,19
53673,Anyone s Legend,Milio,Pick,20
53674,Edward Gaming,Neeko,Ban,1
53674,TT,Ashe,Ban,2
53674,Edward Gaming,Rumble,Ban,3
53674,TT,Lucian,Ban,4
53674,Edward Gaming,Poppy,Ban,5
53674,TT,Kalista,Ban,6
53674,Edward Gaming,KSante,Pick,7
53674,TT,Jax,Pick,8
53674,TT,Nocturne,Pick,9
53674,Edward Gaming,Graves,Pick,10
53674,Edward Gaming,Azir,Pick,11
53674,TT,Orianna,Pick,12
53674,TT,Nautilus,Ban,13
53674,Edward Gaming,Rakan,Ban,14
53674,TT,Heimerdinger,Ban,15
53674,Edward Gaming,Alistar,Ban,16
53674,TT,Jhin,Pick,17
53674,Edward Gaming,Varus,Pick,18
53674,Edward Gaming,Renata Glasc,Pick,19
53674,TT,Blitzcrank,Pick,20
53675,Edward Gaming,Rumble,Ban,1
53675,Ninjas in Pyjamas,Ashe,Ban,2
53675,Edward Gaming,Renata Glasc,Ban,3
53675,Ninjas in Pyjamas,Nocturne,Ban,4
53675,Edward Gaming,LeBlanc,Ban,5
53675,Ninjas in Pyjamas,Kalista,Ban,6
53675,Edward Gaming,KSante,Pick,7
53675,Ninjas in Pyjamas,Jax,Pick,8
53675,Ninjas in Pyjamas,Poppy,Pick,9
53675,Edward Gaming,Sejuani,Pick,10
53675,Edward Gaming,Orianna,Pick,11
53675,Ninjas in Pyjamas,Azir,Pick,12
53675,Ninjas in Pyjamas,Lee Sin,Ban,13
53675,Edward Gaming,Vi,Ban,14
53675,Ninjas in Pyjamas,Graves,Ban,15
53675,Edward Gaming,Jarvan IV,Ban,16
53675,Ninjas in Pyjamas,Lucian,Pick,17
53675,Edward Gaming,Varus,Pick,18
53675,Edward Gaming,Nautilus,Pick,19
53675,Ninjas in Pyjamas,Milio,Pick,20
53676,Anyone s Legend,Nocturne,Ban,1
53676,TT,Ashe,Ban,2
53676,Anyone s Legend,Sejuani,Ban,3
53676,TT,Lucian,Ban,4
53676,Anyone s Legend,Poppy,Ban,5
53676,TT,Lee Sin,Ban,6
53676,Anyone s Legend,Rumble,Pick,7
53676,TT,Udyr,Pick,8
53676,TT,Brand,Pick,9
53676,Anyone s Legend,Maokai,Pick,10
53676,Anyone s Legend,Jayce,Pick,11
53676,TT,Tristana,Pick,12
53676,TT,Neeko,Ban,13
53676,Anyone s Legend,Vi,Ban,14
53676,TT,Orianna,Ban,15
53676,Anyone s Legend,Jarvan IV,Ban,16
53676,TT,Kalista,Pick,17
53676,Anyone s Legend,Varus,Pick,18
53676,Anyone s Legend,Nautilus,Pick,19
53676,TT,Renata Glasc,Pick,20
53677,Anyone s Legend,Ashe,Ban,1
53677,Edward Gaming,Nocturne,Ban,2
53677,Anyone s Legend,Sejuani,Ban,3
53677,Edward Gaming,Lucian,Ban,4
53677,Anyone s Legend,Rumble,Ban,5
53677,Edward Gaming,Kalista,Ban,6
53677,Anyone s Legend,Aatrox,Pick,7
53677,Edward Gaming,Udyr,Pick,8
53677,Edward Gaming,Lee Sin,Pick,9
53677,Anyone s Legend,Xin Zhao,Pick,10
53677,Anyone s Legend,Syndra,Pick,11
53677,Edward Gaming,Neeko,Pick,12
53677,Edward Gaming,Azir,Ban,13
53677,Anyone s Legend,Jax,Ban,14
53677,Edward Gaming,Akali,Ban,15
53677,Anyone s Legend,Orianna,Ban,16
53677,Edward Gaming,Aphelios,Pick,17
53677,Anyone s Legend,Varus,Pick,18
53677,Anyone s Legend,Renata Glasc,Pick,19
53677,Edward Gaming,Milio,Pick,20
53678,TT,LeBlanc,Ban,1
53678,Ninjas in Pyjamas,Nocturne,Ban,2
53678,TT,Kalista,Ban,3
53678,Ninjas in Pyjamas,Ashe,Ban,4
53678,TT,Rumble,Ban,5
53678,Ninjas in Pyjamas,Poppy,Ban,6
53678,TT,Gnar,Pick,7
53678,Ninjas in Pyjamas,Renekton,Pick,8
53678,Ninjas in Pyjamas,Vi,Pick,9
53678,TT,Lee Sin,Pick,10
53678,TT,Neeko,Pick,11
53678,Ninjas in Pyjamas,Orianna,Pick,12
53678,Ninjas in Pyjamas,Jax,Ban,13
53678,TT,Milio,Ban,14
53678,Ninjas in Pyjamas,Varus,Ban,15
53678,TT,KSante,Ban,16
53678,Ninjas in Pyjamas,Lucian,Pick,17
53678,TT,Ziggs,Pick,18
53678,TT,Nautilus,Pick,19
53678,Ninjas in Pyjamas,Braum,Pick,20
53679,Huya RST,Tristana,Ban,1
53679,OMG,Kalista,Ban,2
53679,Huya RST,Samira,Ban,3
53679,OMG,Nocturne,Ban,4
53679,Huya RST,Milio,Ban,5
53679,OMG,Zoe,Ban,6
53679,Huya RST,Jax,Pick,7
53679,OMG,Rumble,Pick,8
53679,OMG,Graves,Pick,9
53679,Huya RST,Lee Sin,Pick,10
53679,Huya RST,Orianna,Pick,11
53679,OMG,Neeko,Pick,12
53679,OMG,Xayah,Ban,13
53679,Huya RST,Rell,Ban,14
53679,OMG,Varus,Ban,15
53679,Huya RST,Nautilus,Ban,16
53679,OMG,Kaisa,Pick,17
53679,Huya RST,Ezreal,Pick,18
53679,Huya RST,Alistar,Pick,19
53679,OMG,Rakan,Pick,20
53680,MiaoJing,Neeko,Ban,1
53680,LGD Gaming,Lee Sin,Ban,2
53680,MiaoJing,LeBlanc,Ban,3
53680,LGD Gaming,Nocturne,Ban,4
53680,MiaoJing,Orianna,Ban,5
53680,LGD Gaming,Jax,Ban,6
53680,MiaoJing,Jayce,Pick,7
53680,LGD Gaming,Rumble,Pick,8
53680,LGD Gaming,Maokai,Pick,9
53680,MiaoJing,Jarvan IV,Pick,10
53680,MiaoJing,Galio,Pick,11
53680,LGD Gaming,Tristana,Pick,12
53680,LGD Gaming,Udyr,Ban,13
53680,MiaoJing,Vi,Ban,14
53680,LGD Gaming,Kennen,Ban,15
53680,MiaoJing,Graves,Ban,16
53680,LGD Gaming,Kalista,Pick,17
53680,MiaoJing,Tahm Kench,Pick,18
53680,MiaoJing,Senna,Pick,19
53680,LGD Gaming,Renata Glasc,Pick,20
53681,OMG,Kalista,Ban,1
53681,Royal Never Give Up,Jax,Ban,2
53681,OMG,Ashe,Ban,3
53681,Royal Never Give Up,Nocturne,Ban,4
53681,OMG,Vi,Ban,5
53681,Royal Never Give Up,Samira,Ban,6
53681,OMG,Rumble,Pick,7
53681,Royal Never Give Up,Aatrox,Pick,8
53681,Royal Never Give Up,Viego,Pick,9
53681,OMG,Lee Sin,Pick,10
53681,OMG,Azir,Pick,11
53681,Royal Never Give Up,Neeko,Pick,12
53681,Royal Never Give Up,Milio,Ban,13
53681,OMG,Akali,Ban,14
53681,Royal Never Give Up,Tristana,Ban,15
53681,OMG,LeBlanc,Ban,16
53681,Royal Never Give Up,Varus,Pick,17
53681,OMG,Ezreal,Pick,18
53681,OMG,Bard,Pick,19
53681,Royal Never Give Up,Nautilus,Pick,20
53682,LGD Gaming,Lee Sin,Ban,1
53682,Huya RST,Draven,Ban,2
53682,LGD Gaming,Jax,Ban,3
53682,Huya RST,Kalista,Ban,4
53682,LGD Gaming,Nocturne,Ban,5
53682,Huya RST,Milio,Ban,6
53682,LGD Gaming,Rumble,Pick,7
53682,Huya RST,Akshan,Pick,8
53682,Huya RST,Jarvan IV,Pick,9
53682,LGD Gaming,Ivern,Pick,10
53682,LGD Gaming,Yone,Pick,11
53682,Huya RST,Sylas,Pick,12
53682,Huya RST,Akali,Ban,13
53682,LGD Gaming,Braum,Ban,14
53682,Huya RST,LeBlanc,Ban,15
53682,LGD Gaming,Alistar,Ban,16
53682,Huya RST,Ashe,Pick,17
53682,LGD Gaming,Varus,Pick,18
53682,LGD Gaming,Nautilus,Pick,19
53682,Huya RST,Rakan,Pick,20
53683,MiaoJing,Kalista,Ban,1
53683,Royal Never Give Up,Nocturne,Ban,2
53683,MiaoJing,Ashe,Ban,3
53683,Royal Never Give Up,Vi,Ban,4
53683,MiaoJing,Neeko,Ban,5
53683,Royal Never Give Up,Rumble,Ban,6
53683,MiaoJing,Ornn,Pick,7
53683,Royal Never Give Up,Gwen,Pick,8
53683,Royal Never Give Up,Poppy,Pick,9
53683,MiaoJing,Lee Sin,Pick,10
53683,MiaoJing,Ahri,Pick,11
53683,Royal Never Give Up,LeBlanc,Pick,12
53683,Royal Never Give Up,Jax,Ban,13
53683,MiaoJing,Renekton,Ban,14
53683,Royal Never Give Up,Orianna,Ban,15
53683,MiaoJing,Azir,Ban,16
53683,Royal Never Give Up,Lucian,Pick,17
53683,MiaoJing,Ezreal,Pick,18
53683,MiaoJing,Bard,Pick,19
53683,Royal Never Give Up,Milio,Pick,20
53684,LGD Gaming,Lee Sin,Ban,1
53684,OMG,Tristana,Ban,2
53684,LGD Gaming,Jax,Ban,3
53684,OMG,Rumble,Ban,4
53684,LGD Gaming,Milio,Ban,5
53684,OMG,Ashe,Ban,6
53684,LGD Gaming,Udyr,Pick,7
53684,OMG,Renekton,Pick,8
53684,OMG,Nocturne,Pick,9
53684,LGD Gaming,Graves,Pick,10
53684,LGD Gaming,LeBlanc,Pick,11
53684,OMG,Orianna,Pick,12
53684,OMG,Ivern,Ban,13
53684,LGD Gaming,Ezreal,Ban,14
53684,OMG,Sejuani,Ban,15
53684,LGD Gaming,Samira,Ban,16
53684,OMG,Aphelios,Pick,17
53684,LGD Gaming,Varus,Pick,18
53684,LGD Gaming,Renata Glasc,Pick,19
53684,OMG,Lulu,Pick,20
53685,Huya RST,Milio,Ban,1
53685,MiaoJing,Ashe,Ban,2
53685,Huya RST,Kalista,Ban,3
53685,MiaoJing,Akali,Ban,4
53685,Huya RST,Poppy,Ban,5
53685,MiaoJing,Varus,Ban,6
53685,Huya RST,Akshan,Pick,7
53685,MiaoJing,Rumble,Pick,8
53685,MiaoJing,Wukong,Pick,9
53685,Huya RST,Lee Sin,Pick,10
53685,Huya RST,LeBlanc,Pick,11
53685,MiaoJing,Orianna,Pick,12
53685,MiaoJing,Alistar,Ban,13
53685,Huya RST,Rell,Ban,14
53685,MiaoJing,Renata Glasc,Ban,15
53685,Huya RST,Rakan,Ban,16
53685,MiaoJing,Xayah,Pick,17
53685,Huya RST,Kaisa,Pick,18
53685,Huya RST,Nautilus,Pick,19
53685,MiaoJing,Leona,Pick,20
53686,Royal Never Give Up,Akali,Ban,1
53686,LGD Gaming,Lee Sin,Ban,2
53686,Royal Never Give Up,Ashe,Ban,3
53686,LGD Gaming,Jax,Ban,4
53686,Royal Never Give Up,Nocturne,Ban,5
53686,LGD Gaming,Kalista,Ban,6
53686,Royal Never Give Up,Rumble,Pick,7
53686,LGD Gaming,Udyr,Pick,8
53686,LGD Gaming,Trundle,Pick,9
53686,Royal Never Give Up,Vi,Pick,10
53686,Royal Never Give Up,Neeko,Pick,11
53686,LGD Gaming,Azir,Pick,12
53686,LGD Gaming,Renata Glasc,Ban,13
53686,Royal Never Give Up,LeBlanc,Ban,14
53686,LGD Gaming,Nautilus,Ban,15
53686,Royal Never Give Up,Orianna,Ban,16
53686,LGD Gaming,Lucian,Pick,17
53686,Royal Never Give Up,Ezreal,Pick,18
53686,Royal Never Give Up,Karma,Pick,19
53686,LGD Gaming,Milio,Pick,20
53687,Invictus Gaming,Ashe,Ban,1
53687,Huya BUG,Kalista,Ban,2
53687,Invictus Gaming,Renata Glasc,Ban,3
53687,Huya BUG,Draven,Ban,4
53687,Invictus Gaming,Orianna,Ban,5
53687,Huya BUG,LeBlanc,Ban,6
53687,Invictus Gaming,Gangplank,Pick,7
53687,Huya BUG,Fiora,Pick,8
53687,Huya BUG,Lee Sin,Pick,9
53687,Invictus Gaming,Nocturne,Pick,10
53687,Invictus Gaming,Neeko,Pick,11
53687,Huya BUG,Azir,Pick,12
53687,Huya BUG,Rengar,Ban,13
53687,Invictus Gaming,Xayah,Ban,14
53687,Huya BUG,Vi,Ban,15
53687,Invictus Gaming,Lucian,Ban,16
53687,Huya BUG,Ezreal,Pick,17
53687,Invictus Gaming,Varus,Pick,18
53687,Invictus Gaming,Nautilus,Pick,19
53687,Huya BUG,Rakan,Pick,20
53688,Rare Atom,Poppy,Ban,1
53688,Funplus Phoenix,Renata Glasc,Ban,2
53688,Rare Atom,Nocturne,Ban,3
53688,Funplus Phoenix,Ashe,Ban,4
53688,Rare Atom,Sejuani,Ban,5
53688,Funplus Phoenix,LeBlanc,Ban,6
53688,Rare Atom,Aatrox,Pick,7
53688,Funplus Phoenix,Jax,Pick,8
53688,Funplus Phoenix,Lee Sin,Pick,9
53688,Rare Atom,Vi,Pick,10
53688,Rare Atom,Akali,Pick,11
53688,Funplus Phoenix,Neeko,Pick,12
53688,Funplus Phoenix,Nautilus,Ban,13
53688,Rare Atom,Xayah,Ban,14
53688,Funplus Phoenix,Renekton,Ban,15
53688,Rare Atom,Lucian,Ban,16
53688,Funplus Phoenix,Varus,Pick,17
53688,Rare Atom,Kalista,Pick,18
53688,Rare Atom,Rell,Pick,19
53688,Funplus Phoenix,Heimerdinger,Pick,20
53689,MAX,Lucian,Ban,1
53689,Invictus Gaming,Ashe,Ban,2
53689,MAX,Kalista,Ban,3
53689,Invictus Gaming,Nocturne,Ban,4
53689,MAX,Neeko,Ban,5
53689,Invictus Gaming,Senna,Ban,6
53689,MAX,Jax,Pick,7
53689,Invictus Gaming,Poppy,Pick,8
53689,Invictus Gaming,Rengar,Pick,9
53689,MAX,Sejuani,Pick,10
53689,MAX,LeBlanc,Pick,11
53689,Invictus Gaming,Tristana,Pick,12
53689,Invictus Gaming,Kaisa,Ban,13
53689,MAX,Rumble,Ban,14
53689,Invictus Gaming,Ezreal,Ban,15
53689,MAX,Gangplank,Ban,16
53689,Invictus Gaming,Ziggs,Pick,17
53689,MAX,Varus,Pick,18
53689,MAX,Nautilus,Pick,19
53689,Invictus Gaming,Leona,Pick,20
53690,Huya BUG,Neeko,Ban,1
53690,Funplus Phoenix,Azir,Ban,2
53690,Huya BUG,Ashe,Ban,3
53690,Funplus Phoenix,Renata Glasc,Ban,4
53690,Huya BUG,Sylas,Ban,5
53690,Funplus Phoenix,Nocturne,Ban,6
53690,Huya BUG,Malphite,Pick,7
53690,Funplus Phoenix,Aatrox,Pick,8
53690,Funplus Phoenix,Trundle,Pick,9
53690,Huya BUG,Lee Sin,Pick,10
53690,Huya BUG,Orianna,Pick,11
53690,Funplus Phoenix,Akali,Pick,12
53690,Funplus Phoenix,Nautilus,Ban,13
53690,Huya BUG,Heimerdinger,Ban,14
53690,Funplus Phoenix,Rell,Ban,15
53690,Huya BUG,Rakan,Ban,16
53690,Funplus Phoenix,Varus,Pick,17
53690,Huya BUG,Kalista,Pick,18
53690,Huya BUG,Alistar,Pick,19
53690,Funplus Phoenix,Rumble,Pick,20
53691,MAX,Kalista,Ban,1
53691,Rare Atom,Ashe,Ban,2
53691,MAX,Rumble,Ban,3
53691,Rare Atom,LeBlanc,Ban,4
53691,MAX,Lucian,Ban,5
53691,Rare Atom,Orianna,Ban,6
53691,MAX,Jax,Pick,7
53691,Rare Atom,KSante,Pick,8
53691,Rare Atom,Lee Sin,Pick,9
53691,MAX,Sejuani,Pick,10
53691,MAX,Ziggs,Pick,11
53691,Rare Atom,Akali,Pick,12
53691,Rare Atom,Jayce,Ban,13
53691,MAX,Renata Glasc,Ban,14
53691,Rare Atom,Tristana,Ban,15
53691,MAX,Aatrox,Ban,16
53691,Rare Atom,Varus,Pick,17
53691,MAX,Tahm Kench,Pick,18
53691,MAX,Senna,Pick,19
53691,Rare Atom,Leona,Pick,20
53692,Funplus Phoenix,LeBlanc,Ban,1
53692,Invictus Gaming,Neeko,Ban,2
53692,Funplus Phoenix,Rengar,Ban,3
53692,Invictus Gaming,Nocturne,Ban,4
53692,Funplus Phoenix,Renata Glasc,Ban,5
53692,Invictus Gaming,Akali,Ban,6
53692,Funplus Phoenix,KSante,Pick,7
53692,Invictus Gaming,Jax,Pick,8
53692,Invictus Gaming,Vi,Pick,9
53692,Funplus Phoenix,Trundle,Pick,10
53692,Funplus Phoenix,Azir,Pick,11
53692,Invictus Gaming,Ahri,Pick,12
53692,Invictus Gaming,Rumble,Ban,13
53692,Funplus Phoenix,Orianna,Ban,14
53692,Invictus Gaming,Poppy,Ban,15
53692,Funplus Phoenix,Sejuani,Ban,16
53692,Invictus Gaming,Draven,Pick,17
53692,Funplus Phoenix,Kalista,Pick,18
53692,Funplus Phoenix,Ashe,Pick,19
53692,Invictus Gaming,Varus,Pick,20
53693,Rare Atom,Fiora,Ban,1
53693,Huya BUG,Kalista,Ban,2
53693,Rare Atom,Orianna,Ban,3
53693,Huya BUG,Varus,Ban,4
53693,Rare Atom,Ashe,Ban,5
53693,Huya BUG,Lucian,Ban,6
53693,Rare Atom,Jax,Pick,7
53693,Huya BUG,Kennen,Pick,8
53693,Huya BUG,Graves,Pick,9
53693,Rare Atom,Lee Sin,Pick,10
53693,Rare Atom,Akali,Pick,11
53693,Huya BUG,LeBlanc,Pick,12
53693,Huya BUG,Draven,Ban,13
53693,Rare Atom,Xayah,Ban,14
53693,Huya BUG,Kaisa,Ban,15
53693,Rare Atom,Ezreal,Ban,16
53693,Huya BUG,Tristana,Pick,17
53693,Rare Atom,Ziggs,Pick,18
53693,Rare Atom,Leona,Pick,19
53693,Huya BUG,Rakan,Pick,20
53694,MAX,Renata Glasc,Ban,1
53694,Funplus Phoenix,Nocturne,Ban,2
53694,MAX,Akali,Ban,3
53694,Funplus Phoenix,Rumble,Ban,4
53694,MAX,Ashe,Ban,5
53694,Funplus Phoenix,Jax,Ban,6
53694,MAX,Renekton,Pick,7
53694,Funplus Phoenix,KSante,Pick,8
53694,Funplus Phoenix,Sejuani,Pick,9
53694,MAX,Taliyah,Pick,10
53694,MAX,LeBlanc,Pick,11
53694,Funplus Phoenix,Tristana,Pick,12
53694,Funplus Phoenix,Vi,Ban,13
53694,MAX,Gwen,Ban,14
53694,Funplus Phoenix,Poppy,Ban,15
53694,MAX,Aatrox,Ban,16
53694,Funplus Phoenix,Kalista,Pick,17
53694,MAX,Kaisa,Pick,18
53694,MAX,Nautilus,Pick,19
53694,Funplus Phoenix,Rell,Pick,20
53695,Invictus Gaming,Akali,Ban,1
53695,Rare Atom,Rengar,Ban,2
53695,Invictus Gaming,Kalista,Ban,3
53695,Rare Atom,Ashe,Ban,4
53695,Invictus Gaming,KSante,Ban,5
53695,Rare Atom,Nocturne,Ban,6
53695,Invictus Gaming,Jax,Pick,7
53695,Rare Atom,Aatrox,Pick,8
53695,Rare Atom,Rell,Pick,9
53695,Invictus Gaming,Vi,Pick,10
53695,Invictus Gaming,Neeko,Pick,11
53695,Rare Atom,Orianna,Pick,12
53695,Rare Atom,Draven,Ban,13
53695,Invictus Gaming,Poppy,Ban,14
53695,Rare Atom,Kaisa,Ban,15
53695,Invictus Gaming,LeBlanc,Ban,16
53695,Rare Atom,Lucian,Pick,17
53695,Invictus Gaming,Samira,Pick,18
53695,Invictus Gaming,Nautilus,Pick,19
53695,Rare Atom,Milio,Pick,20
53696,Huya BUG,Kalista,Ban,1
53696,MAX,Ashe,Ban,2
53696,Huya BUG,Tristana,Ban,3
53696,MAX,LeBlanc,Ban,4
53696,Huya BUG,Renekton,Ban,5
53696,MAX,Fiora,Ban,6
53696,Huya BUG,KSante,Pick,7
53696,MAX,Rumble,Pick,8
53696,MAX,Jarvan IV,Pick,9
53696,Huya BUG,Viego,Pick,10
53696,Huya BUG,Orianna,Pick,11
53696,MAX,Jayce,Pick,12
53696,MAX,Nocturne,Ban,13
53696,Huya BUG,Azir,Ban,14
53696,MAX,Lee Sin,Ban,15
53696,Huya BUG,Syndra,Ban,16
53696,MAX,Kaisa,Pick,17
53696,Huya BUG,Xayah,Pick,18
53696,Huya BUG,Rakan,Pick,19
53696,MAX,Rell,Pick,20
53697,Team BDS,Draven,Ban,1
53697,G2 Esports,Caitlyn,Ban,2
53697,Team BDS,Belveth,Ban,3
53697,G2 Esports,Ashe,Ban,4
53697,Team BDS,LeBlanc,Ban,5
53697,G2 Esports,Rumble,Ban,6
53697,Team BDS,Renekton,Pick,7
53697,G2 Esports,Gwen,Pick,8
53697,G2 Esports,Vi,Pick,9
53697,Team BDS,Nocturne,Pick,10
53697,Team BDS,Akali,Pick,11
53697,G2 Esports,Neeko,Pick,12
53697,G2 Esports,Blitzcrank,Ban,13
53697,Team BDS,Jax,Ban,14
53697,G2 Esports,Bard,Ban,15
53697,Team BDS,Poppy,Ban,16
53697,G2 Esports,Aphelios,Pick,17
53697,Team BDS,Kalista,Pick,18
53697,Team BDS,Pyke,Pick,19
53697,G2 Esports,Renata Glasc,Pick,20
53698,Rogue,Jax,Ban,1
53698,SK Gaming,LeBlanc,Ban,2
53698,Rogue,Nocturne,Ban,3
53698,SK Gaming,Rumble,Ban,4
53698,Rogue,Kalista,Ban,5
53698,SK Gaming,Caitlyn,Ban,6
53698,Rogue,Aatrox,Pick,7
53698,SK Gaming,Gwen,Pick,8
53698,SK Gaming,Xin Zhao,Pick,9
53698,Rogue,Lee Sin,Pick,10
53698,Rogue,Orianna,Pick,11
53698,SK Gaming,Azir,Pick,12
53698,SK Gaming,Renata Glasc,Ban,13
53698,Rogue,Jayce,Ban,14
53698,SK Gaming,Rell,Ban,15
53698,Rogue,Renekton,Ban,16
53698,SK Gaming,Jhin,Pick,17
53698,Rogue,Varus,Pick,18
53698,Rogue,Rakan,Pick,19
53698,SK Gaming,Bard,Pick,20
53699,Karmine Corp,Varus,Ban,1
53699,Fnatic,Rumble,Ban,2
53699,Karmine Corp,Poppy,Ban,3
53699,Fnatic,Nocturne,Ban,4
53699,Karmine Corp,Ashe,Ban,5
53699,Fnatic,Kalista,Ban,6
53699,Karmine Corp,Gragas,Pick,7
53699,Fnatic,KSante,Pick,8
53699,Fnatic,Xin Zhao,Pick,9
53699,Karmine Corp,Jax,Pick,10
53699,Karmine Corp,Azir,Pick,11
53699,Fnatic,Akali,Pick,12
53699,Fnatic,Graves,Ban,13
53699,Karmine Corp,Vi,Ban,14
53699,Fnatic,Lee Sin,Ban,15
53699,Karmine Corp,Aatrox,Ban,16
53699,Fnatic,Aphelios,Pick,17
53699,Karmine Corp,Lucian,Pick,18
53699,Karmine Corp,Nami,Pick,19
53699,Fnatic,Milio,Pick,20
53700,Team Vitality,Ashe,Ban,1
53700,GIANTX,LeBlanc,Ban,2
53700,Team Vitality,Lucian,Ban,3
53700,GIANTX,Nocturne,Ban,4
53700,Team Vitality,Poppy,Ban,5
53700,GIANTX,Rumble,Ban,6
53700,Team Vitality,Jax,Pick,7
53700,GIANTX,Aatrox,Pick,8
53700,GIANTX,Xin Zhao,Pick,9
53700,Team Vitality,Rell,Pick,10
53700,Team Vitality,Azir,Pick,11
53700,GIANTX,Neeko,Pick,12
53700,GIANTX,Akali,Ban,13
53700,Team Vitality,KSante,Ban,14
53700,GIANTX,Orianna,Ban,15
53700,Team Vitality,Renekton,Ban,16
53700,GIANTX,Draven,Pick,17
53700,Team Vitality,Kalista,Pick,18
53700,Team Vitality,Renata Glasc,Pick,19
53700,GIANTX,Blitzcrank,Pick,20
53701,MAD Lions KOI,Neeko,Ban,1
53701,Team Heretics,Ashe,Ban,2
53701,MAD Lions KOI,Tristana,Ban,3
53701,Team Heretics,Caitlyn,Ban,4
53701,MAD Lions KOI,Milio,Ban,5
53701,Team Heretics,Kalista,Ban,6
53701,MAD Lions KOI,Gwen,Pick,7
53701,Team Heretics,Gragas,Pick,8
53701,Team Heretics,Vi,Pick,9
53701,MAD Lions KOI,Xin Zhao,Pick,10
53701,MAD Lions KOI,LeBlanc,Pick,11
53701,Team Heretics,Ryze,Pick,12
53701,Team Heretics,Nautilus,Ban,13
53701,MAD Lions KOI,Poppy,Ban,14
53701,Team Heretics,Rumble,Ban,15
53701,MAD Lions KOI,Jax,Ban,16
53701,Team Heretics,Lucian,Pick,17
53701,MAD Lions KOI,Aphelios,Pick,18
53701,MAD Lions KOI,Renata Glasc,Pick,19
53701,Team Heretics,Nami,Pick,20
53784,GIANTX,Nocturne,Ban,1
53784,Team BDS,Draven,Ban,2
53784,GIANTX,Vi,Ban,3
53784,Team BDS,LeBlanc,Ban,4
53784,GIANTX,Poppy,Ban,5
53784,Team BDS,Rumble,Ban,6
53784,GIANTX,KSante,Pick,7
53784,Team BDS,Garen,Pick,8
53784,Team BDS,Graves,Pick,9
53784,GIANTX,Lee Sin,Pick,10
53784,GIANTX,Neeko,Pick,11
53784,Team BDS,Orianna,Pick,12
53784,Team BDS,Blitzcrank,Ban,13
53784,GIANTX,Olaf,Ban,14
53784,Team BDS,Nautilus,Ban,15
53784,GIANTX,Darius,Ban,16
53784,Team BDS,Varus,Pick,17
53784,GIANTX,Kalista,Pick,18
53784,GIANTX,Rell,Pick,19
53784,Team BDS,Ashe,Pick,20
53785,MAD Lions KOI,Jax,Ban,1
53785,SK Gaming,Rumble,Ban,2
53785,MAD Lions KOI,Nocturne,Ban,3
53785,SK Gaming,LeBlanc,Ban,4
53785,MAD Lions KOI,Maokai,Ban,5
53785,SK Gaming,Ashe,Ban,6
53785,MAD Lions KOI,Poppy,Pick,7
53785,SK Gaming,Renekton,Pick,8
53785,SK Gaming,Rell,Pick,9
53785,MAD Lions KOI,Xin Zhao,Pick,10
53785,MAD Lions KOI,Gragas,Pick,11
53785,SK Gaming,Akali,Pick,12
53785,SK Gaming,Gwen,Ban,13
53785,MAD Lions KOI,Aatrox,Ban,14
53785,SK Gaming,Neeko,Ban,15
53785,MAD Lions KOI,Azir,Ban,16
53785,SK Gaming,Kalista,Pick,17
53785,MAD Lions KOI,Lucian,Pick,18
53785,MAD Lions KOI,Milio,Pick,19
53785,SK Gaming,Renata Glasc,Pick,20
53786,G2 Esports,Renata Glasc,Ban,1
53786,Karmine Corp,Draven,Ban,2
53786,G2 Esports,Ashe,Ban,3
53786,Karmine Corp,Kalista,Ban,4
53786,G2 Esports,Nocturne,Ban,5
53786,Karmine Corp,Rumble,Ban,6
53786,G2 Esports,Kennen,Pick,7
53786,Karmine Corp,Malphite,Pick,8
53786,Karmine Corp,Vi,Pick,9
53786,G2 Esports,Viego,Pick,10
53786,G2 Esports,LeBlanc,Pick,11
53786,Karmine Corp,Neeko,Pick,12
53786,Karmine Corp,Poppy,Ban,13
53786,G2 Esports,Jayce,Ban,14
53786,Karmine Corp,Belveth,Ban,15
53786,G2 Esports,Jax,Ban,16
53786,Karmine Corp,Lucian,Pick,17
53786,G2 Esports,Aphelios,Pick,18
53786,G2 Esports,Nautilus,Pick,19
53786,Karmine Corp,Milio,Pick,20
53787,Fnatic,Nocturne,Ban,1
53787,Team Vitality,Rumble,Ban,2
53787,Fnatic,LeBlanc,Ban,3
53787,Team Vitality,Kalista,Ban,4
53787,Fnatic,Ashe,Ban,5
53787,Team Vitality,Caitlyn,Ban,6
53787,Fnatic,KSante,Pick,7
53787,Team Vitality,Jax,Pick,8
53787,Team Vitality,Xin Zhao,Pick,9
53787,Fnatic,Poppy,Pick,10
53787,Fnatic,Azir,Pick,11
53787,Team Vitality,Xerath,Pick,12
53787,Team Vitality,Vi,Ban,13
53787,Fnatic,Orianna,Ban,14
53787,Team Vitality,Jarvan IV,Ban,15
53787,Fnatic,Gragas,Ban,16
53787,Team Vitality,Lucian,Pick,17
53787,Fnatic,Varus,Pick,18
53787,Fnatic,Renata Glasc,Pick,19
53787,Team Vitality,Nami,Pick,20
53788,Rogue,Milio,Ban,1
53788,Team Heretics,Caitlyn,Ban,2
53788,Rogue,Rumble,Ban,3
53788,Team Heretics,LeBlanc,Ban,4
53788,Rogue,Gragas,Ban,5
53788,Team Heretics,Renata Glasc,Ban,6
53788,Rogue,Aatrox,Pick,7
53788,Team Heretics,KSante,Pick,8
53788,Team Heretics,Xin Zhao,Pick,9
53788,Rogue,Maokai,Pick,10
53788,Rogue,Azir,Pick,11
53788,Team Heretics,Akali,Pick,12
53788,Team Heretics,Gwen,Ban,13
53788,Rogue,Heimerdinger,Ban,14
53788,Team Heretics,Jax,Ban,15
53788,Rogue,Nautilus,Ban,16
53788,Team Heretics,Varus,Pick,17
53788,Rogue,Kalista,Pick,18
53788,Rogue,Rell,Pick,19
53788,Team Heretics,Bard,Pick,20
